{
  "paths": {
    "data_dir": "..\\data",
    "startobject_file": "2025-08-29T155006996Z_799a29d1-0a63-4e1c-a275-03009a86e3f9.json"
  },
  "security": {
    "encryption": "aes-256",
    "bind_to_machine": true
  },
  "chat": {
    "max_input_length": 1000,
    "allowed_chars": "^[\\w\\s.,!?@#\\-]+$",
    "min_input_length": 2,
    "max_lines": 5,
    "allow_links": false,
    "allow_unicode": true,
    "require_question": false,
    "block_repeated_chars": true,
    "max_word_length": 30,
    "allow_commands": true,
    "enable_forbidden_words": true
  },
  "development": {
    "dev.openDevTools": true
  }
}